{"versionFile":"orgSeries.php","slug":"organize-series","textDomain":"organize-series","wpOrgSlug":"organize-series","wpOrgMainFileSlug":"orgSeries","wpOrgUser":"nerrad","wpOrgRelease":"2.5.13","wpOrgPluginName":"Publishpress Series","wpOrgPluginUrl":"http:\/\/organizeseries.com","name":"Publishpress Series","jsBuildDirectory":".\/","releaseFilesRemove":["src\/tests\/**","src\/acceptance_tests\/**","src\/docs\/**","src\/info.json","src\/readme.txt","src\/wp-assets\/**","src\/.travis.yml","src\/ISSUE_TEMPLATE.md","src\/PULL_REQUEST_TEMPLATE.md"],"decafFilesRemove":["src\/tests\/**","src\/acceptance_tests\/**","src\/docs\/**","src\/info.json","src\/.travis.yml","src\/caffeinated","src\/wp-assets\/**","src\/ISSUE_TEMPLATE.md","src\/PULL_REQUEST_TEMPLATE.md","src\/README.md"]}